{"cameraMode":{"drawMode":0,"name":"Shaded","section":"Shading Mode"},"sceneLighting":true,"audioPlay":false,"sceneViewState":{"showFog":true,"showMaterialUpdate":false,"showSkybox":true,"showFlares":true,"showImageEffects":true,"showParticleSystems":true},"in2DMode":false,"pivot":{"x":5.253353118896484,"y":1.7558764219284058,"z":9.925374031066895},"rotation":{"x":-0.027217300608754159,"y":0.9641666412353516,"z":-0.10923101752996445,"w":-0.24024246633052827},"size":2.6956751346588136,"orthographic":false}