{"cameraMode":{"drawMode":0,"name":"Shaded","section":"Shading Mode"},"sceneLighting":true,"audioPlay":false,"sceneViewState":{"showFog":true,"showMaterialUpdate":false,"showSkybox":true,"showFlares":true,"showImageEffects":true,"showParticleSystems":true},"in2DMode":false,"pivot":{"x":0.7839465141296387,"y":4.094257354736328,"z":10.600700378417969},"rotation":{"x":-0.09798867255449295,"y":0.640417218208313,"z":0.0828794464468956,"w":0.7572594881057739},"size":4.325002193450928,"orthographic":false}